<!--
  Licensed to the Apache Software Foundation (ASF) under one
  or more contributor license agreements.  See the NOTICE file
  distributed with this work for additional information
  regarding copyright ownership.  The ASF licenses this file
  to you under the Apache License, Version 2.0 (the
  "License"); you may not use this file except in compliance
  with the License.  You may obtain a copy of the License at

       http://www.apache.org/licenses/LICENSE-2.0

  Unless required by applicable law or agreed to in writing, software
  distributed under the License is distributed on an "AS IS" BASIS,
  WITHOUT WARRANTIES OR CONDITIONS OF ANY KIND, either express or implied.
  See the License for the specific language governing permissions and
  limitations under the License.
-->
<coordinator-app name="cron-coord" frequency="0/10 * * * *" start="${start}" end="${end}" timezone="UTC"
                 xmlns="uri:oozie:coordinator:0.2">
    <controls>
        <timeout>-1</timeout> <!-- Pas de timeout pour les actions matérialisées -->
        <concurrency>1</concurrency> <!-- Nombre maximum d'actions simultanées -->
        <execution>LIFO</execution> <!-- Ordre d'exécution (LIFO ou FIFO) -->
        <throttle>2</throttle> <!-- Nombre maximum de matérialisations en attente -->
    </controls>
    <action>
        <workflow>
            <app-path>${workflowAppUri}</app-path> <!-- Chemin d'accès à l'application de workflow -->
            <configuration>
                <property>
                    <name>jobTracker</name>
                    <value>${jobTracker}</value>
                </property>
                <property>
                    <name>nameNode</name>
                    <value>${nameNode}</value>
                </property>
                <property>
                    <name>queueName</name>
                    <value>${queueName}</value>
                </property>
                <!-- Ajoutez ici d'autres propriétés spécifiques au workflow si nécessaire -->
            </configuration>
        </workflow>
    </action>
</coordinator-app>
