<workflow-app name="My Workflow" xmlns="uri:oozie:workflow:0.5">
    <start to="hive2-9d05"/>
    
    <action name="hive2-9d05" cred="hive2">
        <hive2 xmlns="uri:oozie:hive2-action:0.1">
            <job-tracker>${jobTracker}</job-tracker>
            <name-node>${nameNode}</name-node>
            <jdbc-url>jdbc:hive2://localhost:10000/default</jdbc-url>
            <script>/user/mapr/pipeline/hive.sql</script>
        </hive2>
        <ok to="spark-node"/>
        <error to="Kill"/>
    </action>

    <action name="spark-node">
        <spark xmlns="uri:oozie:spark-action:0.1">
            <job-tracker>${jobTracker}</job-tracker>
            <name-node>${nameNode}</name-node>
            <master>local</master>
            <mode>client</mode>
            <name>RetailDataETL</name>
            <class>RetailDataETL</class>
            <jar>${nameNode}/user/mapr/pipeline/sparkmaprproject_2.11-0.1.0-SNAPSHOT.jar</jar>
            <!-- Additional Spark options can be added here if needed -->
        </spark>
        <ok to="End"/>
        <error to="Kill"/>
    </action>

    <kill name="Kill">
        <message>Action failed, error message[${wf:errorMessage(wf:lastErrorNode())}]</message>
    </kill>

    <end name="End"/>
</workflow-app>
