<workflow-app xmlns="uri:oozie:workflow:0.5" name="RetailDataETL-job">
    <start to="RetailDataETL-node"/>

    <action name="RetailDataETL-node">
        <spark xmlns="uri:oozie:spark-action:0.1">
            <job-tracker>${jobTracker}</job-tracker>
            <name-node>${nameNode}</name-node>
            <configuration>
                <property>
                    <name>mapreduce.job.user.classpath.first</name>
                    <value>true</value>
                </property>
            </configuration>
            <master>yarn</master>
            <mode>client</mode>
            <name>RetailDataETL Job</name>
            <class>org.data2ai.spark.example.RetailDataETL</class>
             <jar>maprfs:/user/${wf:user()}/${examplesRoot}/spark/sparkmaprproject_2.11-0.1.0-SNAPSHOT.jar</jar>
            <spark-opts>--executor-memory 1G --num-executors 1</spark-opts>
        </spark>
        <ok to="end"/>
        <error to="fail"/>
    </action>

    <kill name="fail">
        <message>Spark job failed, error message[${wf:errorMessage(wf:lastErrorNode())}]</message>
    </kill>

    <end name="end"/>
</workflow-app>
