<workflow-app name="My Workflow" xmlns="uri:oozie:workflow:0.5">
    <start to="fork-b01b"/>
    <kill name="Kill">
        <message>Action failed, error message[${wf:errorMessage(wf:lastErrorNode())}]</message>
    </kill>
    <action name="hive2-9d05" cred="hive2">
        <hive2 xmlns="uri:oozie:hive2-action:0.1">
            <job-tracker>${jobTracker}</job-tracker>
            <name-node>${nameNode}</name-node>
            <prepare>
                 
            </prepare>
            <configuration>
                <property>
                    <name>mapred.job.queue.name</name>
                    <value>${queueName}</value>
                </property>
            </configuration>
            <jdbc-url>${jdbcURL}</jdbc-url>
            <script>hive1.sql</script>
             
        </hive2>
        <ok to="join-e392"/>
        <error to="Kill"/>
    </action>
    <action name='slack-notification'>
    
        <shell xmlns="uri:oozie:shell-action:0.2">
            <job-tracker>${jobTracker}</job-tracker>
            <name-node>${nameNode}</name-node>
            <configuration>
                <property>
                    <name>mapred.job.queue.name</name>
                    <value>${queueName}</value>
                </property>
                <!-- Define environment variables here -->
                <property>
                    <name>SLACK_CHANNEL</name>
                    <value>#mapr-notfi</value>
                </property>
                <property>
                    <name>SLACK_MESSAGE</name>
                    <value>execution has succeeded</value>
                </property>
                <property>
                    <name>SLACK_TOKEN</name>
                    <value>xoxe.xoxp-1-Mi0yLTY0MzAyMDg3Mjg3MzYtNjQyMDA2MjAyNjQ2NS02NDMwMjEyMzIxMDI0LTY0MDczMjE1MTc3NjMtMjBiM2I2ZWI3M2MwNjhhOTdjNWJlNGY4NjRkYWZkODE5MWQwNDgyOGQwM2Y4NDM3OWJkYzIxMTRlMWYyYTZmMw</value>
                </property>
            </configuration>
            <exec>slack_notifier.sh</exec>
            <file>slack_notifier.sh#slack_notifier.sh</file>
        </shell>
        <ok to="End" />
        <error to="Kill" />
    </action>
    <action name="hive2-efa5" cred="hive2">
        <hive2 xmlns="uri:oozie:hive2-action:0.1">
            <job-tracker>${jobTracker}</job-tracker>
            <name-node>${nameNode}</name-node>
            <prepare>
                 
            </prepare>
            <configuration>
                <property>
                    <name>mapred.job.queue.name</name>
                    <value>${queueName}</value>
                </property>
            </configuration>
            <jdbc-url>${jdbcURL}</jdbc-url>
            <script>hive2.sql</script>
             
        </hive2>
        <ok to="join-e392"/>
        <error to="Kill"/>
    </action>
    
    <fork name="fork-b01b">
        <path start="hive2-9d05" />
        <path start="hive2-efa5" />
    </fork>
    <join name="join-e392" to="slack-notification"/>
    <end name="End"/>
</workflow-app>